{
    "fitness": -0.10823081340122037,
    "weights_layer_0": [
        [
            -0.5664741425484467,
            0.8673914733470024,
            0.937375875048136
        ],
        [
            -0.9794503203642105,
            0.16996313409105113,
            -0.81836580734868
        ]
    ],
    "weights_layer_1": [
        [
            0.33133207681034127,
            0.9262464121422634,
            -0.9895381447262115,
            -0.4224953825516349
        ],
        [
            -0.7136112334852648,
            -0.5029947523597577,
            0.09207970227622586,
            0.8846936756925267
        ],
        [
            -0.5223139173137985,
            0.018275740706592658,
            -0.23013761645447617,
            -0.5389971086928413
        ]
    ],
    "weights_layer_2": [
        [
            -0.5489941531416243
        ],
        [
            0.2879493705015239
        ],
        [
            0.541719548998218
        ],
        [
            0.650955982831516
        ]
    ]
}