{
    "fitness": -90.86400251255294,
    "layer_0_node_0": [
        0.15403133031426408
    ],
    "layer_0_node_1": [
        0.8834386341791314
    ],
    "layer_1_node_0": []
}