{
    "fitness": -1.572441439414851,
    "layer_0_node_0": [
        -0.6215675816775864,
        0.6017215326860268,
        -0.24220593124044343
    ],
    "layer_0_node_1": [
        -0.5307483367505293,
        0.08452244566485734,
        -0.6508339782467449
    ],
    "layer_1_node_0": [
        -0.8718671456212365,
        0.3820746199318511,
        0.37834234974297665,
        0.46635846131151915
    ],
    "layer_1_node_1": [
        -0.38413926788936403,
        -0.4799286681399173,
        0.9177830893353783,
        0.5027345428670469
    ],
    "layer_1_node_2": [
        0.8647472585669772,
        0.8787381766453342,
        -0.8401987386907238,
        -0.34534605356436054
    ],
    "layer_2_node_0": [
        -0.1879336626850041
    ],
    "layer_2_node_1": [
        -0.8882733043402796
    ],
    "layer_2_node_2": [
        0.5012885553194519
    ],
    "layer_2_node_3": [
        0.793144358950048
    ],
    "layer_3_node_0": []
}