{
    "fitness":999.8214285714,
    "node_0":{
        "adjacents":[

        ],
        "reset_rate":0,
        "weights":[

        ]
    },
    "node_1":{
        "adjacents":[
            0,
            4,
            5,
            7,
            11
        ],
        "reset_rate":0,
        "weights":[
            0.0024831233,
            0.0603051932,
            0.1581386419,
            0.7599678506,
            0.2993777541
        ]
    },
    "node_10":{
        "adjacents":[
            0,
            12,
            13
        ],
        "reset_rate":0,
        "weights":[
            1.0,
            0.0218614251,
            -0.1736566508
        ]
    },
    "node_11":{
        "adjacents":[
            0,
            12
        ],
        "reset_rate":0,
        "weights":[
            0.7791634503,
            -0.6716278509
        ]
    },
    "node_12":{
        "adjacents":[
            0
        ],
        "reset_rate":0,
        "weights":[
            -0.8148806286
        ]
    },
    "node_13":{
        "adjacents":[
            0,
            15
        ],
        "reset_rate":0,
        "weights":[
            0.9449856558,
            0.1379820346
        ]
    },
    "node_14":{
        "adjacents":[
            0
        ],
        "reset_rate":0,
        "weights":[
            0.6949883667
        ]
    },
    "node_15":{
        "adjacents":[
            0
        ],
        "reset_rate":0,
        "weights":[
            1.0
        ]
    },
    "node_2":{
        "adjacents":[
            0,
            4,
            5,
            7,
            8,
            11,
            13
        ],
        "reset_rate":0,
        "weights":[
            -0.8967223245,
            -0.5350106252,
            -0.1567391068,
            -0.9125124311,
            0.7455146642,
            -0.5158186217,
            0.0987620148
        ]
    },
    "node_3":{
        "adjacents":[
            0,
            4,
            5,
            7,
            8,
            9,
            11,
            13,
            15
        ],
        "reset_rate":0,
        "weights":[
            0.4631958848,
            0.2184621859,
            0.2572371315,
            0.3868027818,
            0.0359569034,
            0.5453712106,
            0.1535136161,
            -0.3745397472,
            -0.8498699409
        ]
    },
    "node_4":{
        "adjacents":[
            0,
            5,
            6,
            11,
            13,
            14
        ],
        "reset_rate":0,
        "weights":[
            -0.3125633548,
            0.0609836912,
            0.9776689523,
            -0.6651758452,
            0.4478685511,
            0.3314951019
        ]
    },
    "node_5":{
        "adjacents":[
            0,
            7,
            9,
            10,
            12
        ],
        "reset_rate":0,
        "weights":[
            1.0,
            0.9774002256,
            0.8588731554,
            -0.6336075073,
            0.4691408751
        ]
    },
    "node_6":{
        "adjacents":[
            0,
            9,
            10,
            12,
            14
        ],
        "reset_rate":0,
        "weights":[
            1.0,
            0.7589623083,
            0.9758427737,
            -0.583755873,
            0.1007677957
        ]
    },
    "node_7":{
        "adjacents":[
            0,
            8,
            10,
            11,
            12,
            14,
            15
        ],
        "reset_rate":0,
        "weights":[
            -0.1697746699,
            0.3424847276,
            0.5208500824,
            0.7754027419,
            -0.7468574877,
            0.3472920538,
            0.8767598247
        ]
    },
    "node_8":{
        "adjacents":[
            0,
            11,
            12
        ],
        "reset_rate":0,
        "weights":[
            -0.8053492037,
            0.256389973,
            -0.3653769463
        ]
    },
    "node_9":{
        "adjacents":[
            0,
            10,
            14,
            15
        ],
        "reset_rate":0,
        "weights":[
            0.2936100606,
            -0.0192460294,
            0.4533970301,
            0.7228445088
        ]
    }
}