{
    "fitness":-1.8915766758,
    "node_0":{
        "adjacents":[
            1,
            55
        ],
        "reset_rate":0,
        "weights":[
            0.1109167349,
            -0.7144129364
        ]
    },
    "node_1":{
        "adjacents":[
            0,
            9,
            23,
            61
        ],
        "reset_rate":0,
        "weights":[
            -0.7280119396,
            -0.7863101434,
            -0.9008226328,
            -0.3634972815
        ]
    },
    "node_10":{
        "adjacents":[
            34,
            47
        ],
        "reset_rate":0,
        "weights":[
            -0.8120839385,
            0.6954454695
        ]
    },
    "node_11":{
        "adjacents":[
            27,
            59
        ],
        "reset_rate":0,
        "weights":[
            1,
            0.0449934436
        ]
    },
    "node_12":{
        "adjacents":[
            30
        ],
        "reset_rate":0,
        "weights":[
            1
        ]
    },
    "node_13":{
        "adjacents":[
            3,
            21,
            26
        ],
        "reset_rate":0,
        "weights":[
            1,
            0.4184453642,
            0.1188594157
        ]
    },
    "node_14":{
        "adjacents":[
            0,
            3,
            20
        ],
        "reset_rate":0,
        "weights":[
            1,
            0.4362911717,
            0.8737827737
        ]
    },
    "node_15":{
        "adjacents":[
            11,
            24,
            48
        ],
        "reset_rate":0,
        "weights":[
            1,
            0.4923253294,
            -0.7479292015
        ]
    },
    "node_16":{
        "adjacents":[
            17
        ],
        "reset_rate":0,
        "weights":[
            1
        ]
    },
    "node_17":{
        "adjacents":[
            45
        ],
        "reset_rate":0,
        "weights":[
            1
        ]
    },
    "node_18":{
        "adjacents":[
            10
        ],
        "reset_rate":0,
        "weights":[
            1
        ]
    },
    "node_19":{
        "adjacents":[
            11
        ],
        "reset_rate":0,
        "weights":[
            1
        ]
    },
    "node_2":{
        "adjacents":[
            2,
            7,
            41
        ],
        "reset_rate":0,
        "weights":[
            -0.2710089254,
            0.6153186703,
            -0.7087520342
        ]
    },
    "node_20":{
        "adjacents":[
            16
        ],
        "reset_rate":0,
        "weights":[
            1
        ]
    },
    "node_21":{
        "adjacents":[
            36
        ],
        "reset_rate":0,
        "weights":[
            1
        ]
    },
    "node_22":{
        "adjacents":[
            6,
            32
        ],
        "reset_rate":0,
        "weights":[
            1,
            0.3355633961
        ]
    },
    "node_23":{
        "adjacents":[
            56
        ],
        "reset_rate":0,
        "weights":[
            1
        ]
    },
    "node_24":{
        "adjacents":[
            3,
            37,
            53
        ],
        "reset_rate":0,
        "weights":[
            1,
            0.3717044189,
            0.848262371
        ]
    },
    "node_25":{
        "adjacents":[
            28
        ],
        "reset_rate":0,
        "weights":[
            1
        ]
    },
    "node_26":{
        "adjacents":[
            35
        ],
        "reset_rate":0,
        "weights":[
            1
        ]
    },
    "node_27":{
        "adjacents":[
            54,
            58
        ],
        "reset_rate":0,
        "weights":[
            1,
            -0.8051624616
        ]
    },
    "node_28":{
        "adjacents":[
            0,
            4
        ],
        "reset_rate":0,
        "weights":[
            0.8377141366,
            -0.4551065597
        ]
    },
    "node_29":{
        "adjacents":[
            4,
            9
        ],
        "reset_rate":0,
        "weights":[
            1,
            -0.8724585486
        ]
    },
    "node_3":{
        "adjacents":[
            1,
            38
        ],
        "reset_rate":0,
        "weights":[
            -0.9993639219,
            0.4983797313
        ]
    },
    "node_30":{
        "adjacents":[
            24,
            25,
            42
        ],
        "reset_rate":0,
        "weights":[
            1,
            -0.0110492795,
            0.0371120523
        ]
    },
    "node_31":{
        "adjacents":[
            14
        ],
        "reset_rate":0,
        "weights":[
            1
        ]
    },
    "node_32":{
        "adjacents":[
            14,
            29
        ],
        "reset_rate":0,
        "weights":[
            1,
            0.1288783029
        ]
    },
    "node_33":{
        "adjacents":[
            46
        ],
        "reset_rate":0,
        "weights":[
            1
        ]
    },
    "node_34":{
        "adjacents":[
            18,
            39
        ],
        "reset_rate":0,
        "weights":[
            1,
            -0.2588893892
        ]
    },
    "node_35":{
        "adjacents":[
            31,
            57
        ],
        "reset_rate":0,
        "weights":[
            1,
            0.720241637
        ]
    },
    "node_36":{
        "adjacents":[
            30
        ],
        "reset_rate":0,
        "weights":[
            1
        ]
    },
    "node_37":{
        "adjacents":[
            35
        ],
        "reset_rate":0,
        "weights":[
            1
        ]
    },
    "node_38":{
        "adjacents":[
            28
        ],
        "reset_rate":0,
        "weights":[
            0.5965028289
        ]
    },
    "node_39":{
        "adjacents":[
            16
        ],
        "reset_rate":0,
        "weights":[
            1
        ]
    },
    "node_4":{
        "adjacents":[
            14,
            36,
            40
        ],
        "reset_rate":0,
        "weights":[
            0.027642745,
            -0.5242872305,
            -0.6361766957
        ]
    },
    "node_40":{
        "adjacents":[
            44
        ],
        "reset_rate":0,
        "weights":[
            1
        ]
    },
    "node_41":{
        "adjacents":[
            16
        ],
        "reset_rate":0,
        "weights":[
            1
        ]
    },
    "node_42":{
        "adjacents":[
            10,
            16
        ],
        "reset_rate":0,
        "weights":[
            1,
            0.616081904
        ]
    },
    "node_43":{
        "adjacents":[
            5,
            30,
            49
        ],
        "reset_rate":0,
        "weights":[
            1,
            0.4045895712,
            -0.7423253399
        ]
    },
    "node_44":{
        "adjacents":[
            60
        ],
        "reset_rate":0,
        "weights":[
            0.8026003903
        ]
    },
    "node_45":{
        "adjacents":[
            2
        ],
        "reset_rate":0,
        "weights":[
            0.3720391294
        ]
    },
    "node_46":{
        "adjacents":[
            9
        ],
        "reset_rate":0,
        "weights":[
            1
        ]
    },
    "node_47":{
        "adjacents":[
            15
        ],
        "reset_rate":0,
        "weights":[
            1
        ]
    },
    "node_48":{
        "adjacents":[
            21
        ],
        "reset_rate":0,
        "weights":[
            1
        ]
    },
    "node_49":{
        "adjacents":[
            52
        ],
        "reset_rate":0,
        "weights":[
            1
        ]
    },
    "node_5":{
        "adjacents":[
            15
        ],
        "reset_rate":0,
        "weights":[
            0.381415967
        ]
    },
    "node_50":{
        "adjacents":[
            41
        ],
        "reset_rate":0,
        "weights":[
            1
        ]
    },