{
    "fitness": -2.4137615392023255,
    "node_0": {
        "adjacents": [
            1,
            6
        ],
        "reset_rate": 0,
        "weights": [
            0.07288815966503592,
            -0.19726899596621572
        ]
    },
    "node_1": {
        "adjacents": [
            6
        ],
        "reset_rate": 0,
        "weights": [
            -0.4566442665894054
        ]
    },
    "node_2": {
        "adjacents": [
            7
        ],
        "reset_rate": 0,
        "weights": [
            0.9566116774490379
        ]
    },
    "node_3": {
        "adjacents": [
            2
        ],
        "reset_rate": 0,
        "weights": [
            0.051476739017236484
        ]
    },
    "node_4": {
        "adjacents": [],
        "reset_rate": 0,
        "weights": []
    },
    "node_5": {
        "adjacents": [],
        "reset_rate": 0,
        "weights": []
    },
    "node_6": {
        "adjacents": [
            3
        ],
        "reset_rate": 0,
        "weights": [
            -0.8575854389602128
        ]
    },
    "node_7": {
        "adjacents": [
            0
        ],
        "reset_rate": 0,
        "weights": [
            -0.10716556542634337
        ]
    }
}